nombre,username,contenido,comentarios,reacciones,compartido
Guillermo Lasso,@LassoGuillermo,·Primeros pasos del #PlanVacunación9100. Es un gusto compartir con ustedes este momento. Sigamos encontrándonos por la salud y trabajando en conjunto por el bien del país.#JuntosLoLogramos ,57,731,146
Guillermo Lasso,@LassoGuillermo,"·El #PlanVacunación9100 es 

SALUD
BIENESTAR
REACTIVACIÓN 
PROSPERIDAD

Con una gestión transparente y eficiente, cumpliremos nuestra meta. #JuntosLoLogramos",61,920,199
Guillermo Lasso,@LassoGuillermo,"·¡Sé parte del #PlanVacunación9100! Acudamos de forma ordenada y respetando protocolos Compartamos información oficial Motivemos a nuestros seres queridos para que se vacunen

Los invito a consultar su lugar de vacunación en .#JuntosLoLogramos ",49,756,266
Ministerio de Educación del Ecuador,@Educacion_Ec,"·#JuntosLoLogramos   En el #DíaDelEstudiante, ratificamos nuestro compromiso de garantizar una educación de calidad, inclusiva y flexible, a través de políticas públicas que promuevan la permanencia escolar, en beneficio de niños, niñas y adolescentes.",49,438,115
Guillermo Lasso,@LassoGuillermo,"·¡Felicidades @MorejonGlenda! Ella y más deportistas ecuatorianos siguen dejando su huella en el mundo con su talento inigualable.

Desde @DeporteEc, estamos comprometidos con apoyar cada paso de sus carreras deportivas. #GobiernoDelEncuentro#JuntosLoLogramosQuote TweetMinisterio del Deporte Ecuador@DeporteEcMay 29¡ORO PARA ECUADOR!@MorejonGlenda consigue el primer lugar en los 20.000 m marcha en el campeonato Sudamericano de Atletismo que se disfruta en Guayaquil.#JuntosLoLogramos #GobiernoDelEncuentro ",98,3.8K,620
Guillermo Lasso,@LassoGuillermo,"·¡Una buena noticia!@EmbajadaChinaEc me informó que hasta el 29 de mayo nos llegarían 700.000 dosis de vacunas. 500.000 adquiridas por Ecuador y 200.000 donadas por China, como motivo de nuestra investidura. #GobiernoDelEncuentro#JuntosLoLogramos",720,11.8K,1.8K
Guillermo Lasso,@LassoGuillermo,"·¡Primera visita a Guayas! Nos reunimos en la Gobernación con @VicenteTaianoA, donde establecimos las siguientes prioridades:Trabajo articulado para el desarrollo provincial Seguridad ciudadana  Atender todas las necesidades de los guayasenses #GobiernoDelEncuentro",160,2.2K,450
Banco Interamericano de Desarrollo,@el_BID,"·El Pdte. Claver-Carone se reunió hoy con el Pdte. de #Ecuador, @LassoGuillermo, para discutir cómo pueden trabajar en conjunto para el futuro del país, la recuperación pospandemia, vacunas, el crecimiento basado en #Vision2025 y las oportunidades disponibles para la región.GIF",27,724,152
Guillermo Lasso,@LassoGuillermo,"·En la reunión con el presidente del @el_BID, Mauricio Claver-Carone, establecimos una línea clara de prioridades para el desarrollo: 

◦ La erradicación de la desnutrición infantil
◦ Empleo para jóvenes 
◦ Apoyo a las zonas rurales

Gracias por la visita al Ecuador. ",145,2K,445
Guillermo Lasso,@LassoGuillermo,"·Agradezco a Mauricio Claver-Carone, presidente de @el_BID y a @KGeorgieva, del FMI, con quienes mantuvimos reuniones productivas, claves para planes de cooperación que llevaremos a cabo en el #GobiernoDelEncuentro.

¡Sacaremos adelante al Ecuador! #JuntosLoLogramos",251,3K,589
Guillermo Lasso,@LassoGuillermo,"·.@juancaholguin es “Embajador Itinerante Ad Honorem” para temas específicos. Sus misiones serán encomendadas por el Canciller del Ecuador, @MMontalvoEC. Es un honor trabajar junto a ecuatorianos comprometidos con el país en el #GobiernoDelEncuentro. #JuntosLoLogramos",154,2.7K,379
Guillermo Lasso,@LassoGuillermo,"·El #PlanVacunación9100 busca cuidar de la salud de los ecuatorianos y reactivar al país. Hoy nos reunimos con @ABorreroVega, la ministra @XimenaGarzon11, el consejero Carlos Cueva y autoridades para establecer lineamientos de logística y ejecución.#JuntosLoLogramos",305,3.5K,763
Guillermo Lasso,@LassoGuillermo,"·El Decreto que elimina los registros de crédito con deudas vencidas menores a $1.000 es clave para la reactivación económica de las familias ecuatorianas.

Reiteramos nuestro compromiso de una gestión responsable y solidaria.#GobiernoDelEncuentro#JuntosLoLogramos",262,3.6K,878
Guillermo Lasso,@LassoGuillermo,"·El #GobiernoDelEncuentro, a su servicio. #JuntosLoLogramos",372,8.9K,1.3K
Guillermo Lasso,@LassoGuillermo,·A trabajar por todos los ecuatorianos.#GobiernoDelEncuentro#JuntosLoLogramos,266,5.7K,781
Guillermo Lasso,@LassoGuillermo,"·Decretamos la eliminación de los registros de crédito con deudas vencidas menores a $1.000. 

Reincorporamos a la vida productiva a 1.7 millones de ecuatorianos. Es un acto de estricta justicia, que busca la reactivación económica. #GobiernoDelEncuentro #JuntosLoLogramos",831,14.8K,3K
Guillermo Lasso,@LassoGuillermo,"·La libertad es nuestra bandera de lucha. Cumpliendo con el compromiso de garantizar el derecho a un Ecuador libre, firmamos el Decreto para derogar el Reglamento a la Ley de Comunicación.

¡ECUADOR RESPIRA LIBERTAD! #GobiernoDelEncuentro #JuntosLoLogramos",471,5.7K,1.2K
Guillermo Lasso,@LassoGuillermo,"·En las próximas horas, enviaremos a la Asamblea Nacional un proyecto de ley de libertad de expresión, que ha sido redactado acorde a principios internacionales. El objetivo es volver a vivir en plena libertad en el Ecuador. #GobiernoDelEncuentro#JuntosLoLogramos",113,2.2K,490
Guillermo Lasso,@LassoGuillermo,"·He firmado el Decreto para el Código de Ética y Estándares de Conducta Gubernamental, que establece los más altos estándares de comportamiento ético con el fin de lograr una gestión transparente y eficiente en la función pública. #GobiernoDelEncuentro#JuntosLoLogramos",341,7.9K,1.6K
Comunicación Ecuador,@ComunicacionEc,·Boletín Oficial 001 El presidente @LassoGuillermo hizo un llamado a la unidad nacional en la ceremonia del 24 de Mayo. #GobiernoDelEncuentro#JuntosLoLogramos,39,1.2K,376
Guillermo Lasso,@LassoGuillermo,"·En breve, los invito a acompañarnos en la transmisión en vivo de los primeros Decretos Presidenciales. Desde hoy, empieza el trabajo por un Ecuador de oportunidades. FB: YT: #GobiernoDelEncuentro#JuntosLoLogramos",126,1.6K,352
Presidencia ECU,@Presidencia_Ec,"·Organización gubernamental de EcuadorTRANSMISIÓN  A partir de las 16h30, en vivo, conoce los primeros Decretos Presidenciales que firmará el Primer Mandatario, @LassoGuillermo.#GobiernoDelEncuentro#JuntosLoLogramos",50,1.3K,333
Guillermo Lasso,@LassoGuillermo,"·Mi compañera, mi punto de apoyo, la Primera Dama del Ecuador @MLAlcivar. #JuntosLoLogramos",548,18.3K,2.4K
Guillermo Lasso,@LassoGuillermo,"·“Este 24 de mayo de 2021, empezamos a construir la cultura del ENCUENTRO y de la RECONCILIACIÓN en el Ecuador.
Es momento de trabajar juntos, por los graves problemas, que hoy enfrenta nuestra nación.” - @GuadalupeLlori, Presidenta de la Asamblea Nacional. #JuntosLoLogramos",125,3.6K,621
Guillermo Lasso,@LassoGuillermo,"·Agradezco a la Presidenta de la Asamblea Nacional @GuadalupeLlori por recibirnos. 

Ante esta institución, la Casa del Pueblo, reiteramos nuestra vocación de servicio y de representar los intereses de todos los ecuatorianos. #JuntosLoLogramos",68,2.1K,363
Guillermo Lasso,@LassoGuillermo,"·Llegamos a la Asamblea Nacional. Agradecido de empezar esta nueva etapa junto a ustedes.

HICIMOS HISTORIA. 

Logramos escucharnos unos a otros, encontrarnos y trabajar en equipo, y seguiremos haciéndolo. Ese es mi compromiso en el Ecuador del encuentro. #JuntosLoLogramos",120,3.8K,664
Guillermo Lasso,@LassoGuillermo,·GRATITUD.#JuntosLoLogramos,791,18.8K,2.8K
Guillermo Lasso,@LassoGuillermo,"·Este #24deMayo celebramos con orgullo el inicio de una nueva historia, así como hace 199 años en la #BatallaDelPichincha, donde la libertad fue la bandera de lucha. 

En honor a los héroes de la Patria, trabajaremos por un mejor futuro para el Ecuador. #JuntosLoLogramos",258,5.7K,1K
Guillermo Lasso,@LassoGuillermo,"·Esta mañana asistí al Tedeum en la Catedral Metropolitana de Quito junto a mi familia.

Se me vienen a la mente recuerdos de mis padres y de mi hermano mayor Enrique, quienes me enseñaron el valor del servicio. 

Estaré siempre agradecido de tener la oportunidad de servirles.",208,4.2K,610
Guillermo Lasso,@LassoGuillermo,"·A las 9h30, los invito a acompañarme en la ceremonia de cambio de mando. Hoy es un día de celebración y encuentro, el futuro que le espera al Ecuador es brillante. ¡Empieza el cambio!

FB: YT: #JuntosLoLogramos",698,6.6K,1.3K
Guillermo Lasso,@LassoGuillermo,"·La democracia se fortalece compartiendo nuestras ideas. Agradezco la invitación al Foro Iberoamericano: Desafíos de La Libertad, espacio que nos impulsa a encontrarnos por la libertad en todo el mundo.

Empezamos una nueva historia, una que incluye a todos los ecuatorianos. ",114,2.8K,464
Guillermo Lasso,@LassoGuillermo,"·Entre reuniones, preparándonos para mañana.",935,15.5K,1.3K
Guillermo Lasso,@LassoGuillermo,·Fue un honor recibir al Rey Felipe VI de España. Encuentros como este son fundamentales para fortalecer la relación entre nuestros países. Nuestro objetivo es brindar oportunidades de bienestar y prosperidad para todos. ,135,5.1K,709
Guillermo Lasso,@LassoGuillermo,"·Con @jmerchanhaz iniciamos en 2008 este trabajo para elaborar un Plan de Gobierno solidario. Hoy, tengo el orgullo de anunciar que será Secretario de Planifica Ecuador. Confío en su liderazgo y capacidad para la implementación de políticas públicas efectivas para el desarrollo.",108,1.2K,273
Guillermo Lasso,@LassoGuillermo,"·Un compañero de ruta, quien ha dirigido el tanque de pensamiento @ecuadorlibre y la elaboración de los Planes de Gobierno, se une como Consejero Presidencial. @AparicioCaicedo es una gran guía para este proyecto político. Hoy pone sus capacidades al servicio del país.",527,2.4K,525
Guillermo Lasso,@LassoGuillermo,"·En el Gobierno del encuentro, @MarceloHCabrera se unirá como Ministro de Transporte y Obras Públicas. Tendrá a su cargo una importante cartera de Estado para promover oportunidades de crecimiento y modernización. Impulsaremos la reactivación y obras de desarrollo. ",233,1.9K,336
Guillermo Lasso,@LassoGuillermo,"·El Secretario General de Comunicación será @Edu_Bonilla. Por más de 15 años Eduardo ha trabajado en este proyecto político: en el Plan de Gobierno, en territorio y en la comunicación de la campaña. 100% comprometido, dedicado, y con voluntad de trabajar por el cambio.",160,1.5K,280
Guillermo Lasso,@LassoGuillermo,"·Hace más de 30 años trabajo junto a Iván Correa, próximo Secretario General de la Administración Pública. Doy fe que es un gran profesional, que desde el inicio de este proyecto político estuvo presente, apoyando cada paso en este camino hacia #ElEcuadorDelEncuentro. ",106,1.5K,258
Guillermo Lasso,@LassoGuillermo,"·El espíritu emprendedor y luchador de los ecuatorianos lo veo reflejado en @nielsolsenp, futuro Ministro de Turismo. Ecuador tiene un gran potencial turístico que debemos aprovechar. Saldremos adelante, reactivando al sector con promoción y respiro financiero.

¡Encontrémonos! ",94,1.4K,234
Guillermo Lasso,@LassoGuillermo,"·Es un honor contar con @DonosoEcuador para el Ministerio de Trabajo, quien lleva años en el servicio público defendiendo el bienestar de los ecuatorianos. Garantizaremos los derechos laborales y empleos de calidad. 

¡Encontrémonos para lograr trabajos dignos en Ecuador! ",121,1.1K,234
Guillermo Lasso,@LassoGuillermo,"·Como Asambleísta, @TanllyVera ha trabajado por el bienestar de agricultores y ganaderos. Desde hoy continúa su lucha por el sector como Ministra. Se dedicará a la reactivación, la revalorización y el acceso a mercados internacionales. 

¡El compromiso con el cambio es firme! ",142,1.3K,284
Guillermo Lasso,@LassoGuillermo,"·El camino para el crecimiento es atraer inversión que genere oportunidades de bienestar. @pradojj será el Ministro de Producción, Comercio Exterior y Pesca. Confío en que impulsará el desarrollo nacional con innovación y apertura al mundo.#ElEcuadorDelEncuentro ",90,1K,221
Guillermo Lasso,@LassoGuillermo,"·Vamos a poner en orden la economía con sentido social. @simoncueva, como Ministro de Economía y Finanzas, llevará a cabo una gestión solidaria y consciente de la realidad ecuatoriana.

Ecuador volverá a ser un país próspero y de oportunidades para todos. ",117,1.1K,227
Guillermo Lasso,@LassoGuillermo,"·Junto a Fernando Donoso en el Ministerio de Defensa, trazaremos una hoja de ruta que garantice la seguridad en Ecuador. Nuestro país merece PAZ y que todos sus habitantes se sientan seguros. 

¡El Gobierno del encuentro cuenta con profesionales preparados y comprometidos! ",62,1K,206
Guillermo Lasso,@LassoGuillermo,"·.@GustavoManriq_M, como Ministro del Ambiente y Agua, estará a cargo de una transición productiva y sostenible que respete la naturaleza y los derechos de las comunidades. 

De la mano de Gustavo, Ecuador asumirá un liderazgo ambiental e innovador. ¡El cambio de siente! ",43,788,175
Guillermo Lasso,@LassoGuillermo,"·En el Ministerio de Telecomunicaciones y de la Sociedad de la Información, @vmaino se enfocará en: Acceso a internet y cobertura celular Un Gobierno digital con servicios públicos de calidad  Impulsar la digitalización para la telemedicina y la teleducación",66,749,197
Guillermo Lasso,@LassoGuillermo,·Roberto Salas liderará el Ministerio de Energía y Recursos Naturales No Renovables. Trabajaremos en proyectos de reactivación productiva que sean responsables con la ciudadanía. Juntos vamos a luchar contra la corrupción y lograremos la eficiencia de esta cartera de Estado.,124,1.2K,299
Guillermo Lasso,@LassoGuillermo,"·¡Mauricio Montalvo es el próximo Canciller!

Pone al servicio del país una extensa carrera diplomática que ha demostrado capacidad para liderar una agenda de política exterior, garantizar derechos y brindar servicios de calidad. Bienvenido al Ecuador del Encuentro Mauricio. ",156,2K,461
Guillermo Lasso,@LassoGuillermo,"·A las 10h30 anunciaremos miembros del Gabinete ministerial. A días del 24 de Mayo, estamos listos para empezar a trabajar por el Ecuador.

Los invito a acompañarnos en esta transmisión EN VIVO. 

YT: FB: ¡Los espero! ",144,1.3K,345
Guillermo Lasso,@LassoGuillermo,"·En @EstebanBernalB, Azuay tendrá a un Gobernador dedicado y comprometido con su trabajo, pero sobre todo a un azuayo honesto y agente de cambio. Trabajaremos con una visión de desarrollo provincial que logrará bienestar y prosperidad en Azuay. #ElEcuadorDelEncuentro ",255,1.9K,433
Guillermo Lasso,@LassoGuillermo,"·Como demócrata, creo en la belleza de los sueños y su poder para inspirarnos. Creo en el derecho que tenemos a un entorno donde podamos dar lo mejor de nuestros talentos. 

En esta credencial vive la voluntad de un pueblo que se decidió por el cambio.#ElEcuadorDelEncuentro ",687,6.4K,1K
Guillermo Lasso,@LassoGuillermo,"·A las 10h30 los invito a ser parte de la entrega de credenciales de Presidente y Vicepresidente de la República por parte del @cnegobec.

Acompáñennos a celebrar la democracia y la voluntad popular. FB YT #ElEcuadorDelEncuentro",153,1.7K,371
Guillermo Lasso,@LassoGuillermo,"·Guayas necesita un administrador que haga frente a la inseguridad y a la falta de oportunidades. Como Gobernador, @VicenteTaianoA garantizará el orden, políticas públicas efectivas y los derechos de los ciudadanos.

¡Encontrémonos por la seguridad y el bienestar de Guayas! ",698,4K,848
Guillermo Lasso,@LassoGuillermo,"·¡7 días para el 24 de mayo!

Estamos listos para empezar el camino hacia un Ecuador de oportunidades. #ElEcuadorDelEncuentro",668,6.7K,865
Guillermo Lasso,@LassoGuillermo,"·En el Ministerio del Ambiente y Agua estará @GustavoManriq_M, quien cuenta con una excelente trayectoria profesional en cuidado ambiental y prácticas sostenibles. 

Tenemos el compromiso de ser responsables y proteger al ambiente y las comunidades. #ElEcuadorDelEncuentro ",248,3.4K,702
Guillermo Lasso,@LassoGuillermo,"·En el Ministerio de Telecomunicaciones y de la Sociedad de la Información estará @vmaino como Ministra, una gran ecuatoriana comprometida con el desarrollo del país. 

Nuestra misión es un gobierno abierto y lograr un Ecuador 100% digital. #EncontrémonosPorLaConectividad",216,2.5K,590
Guillermo Lasso,@LassoGuillermo,"·.@nielsolsenp será el Ministro de Turismo. Es un gran emprendedor dedicado a la reactivación y la prosperidad del sector. 

Convertiremos al turismo en motor de desarrollo a través de una gestión sostenible. ¡Ecuador será potencia turística! #EncontrémonosPorElTurismo",496,6.2K,959
Guillermo Lasso,@LassoGuillermo,"·.@mariomancino será el Gobernador de Loja, quien pone una prestigiosa carrera profesional al servicio de su provincia. La Gobernación de Loja tendrá un gran servidor que trabajará incansablemente por su desarrollo y prosperidad de manera eficiente y transparente.",376,4.4K,749
Guillermo Lasso,@LassoGuillermo,"·Extiendo mis felicitaciones a @GuadalupeLlori, la nueva Presidenta de la Asamblea Nacional. Reitero mi compromiso a la Función Legislativa de trabajar en conjunto por el Ecuador. Éxitos en su gestión.",1K,16.3K,3.3K
Guillermo Lasso,@LassoGuillermo,"·¡Hoy Pallatanga conmemora 35 años de cantonización! Felicidades a su maravillosa gente por hacer de este cantón una tierra de oportunidades. Juntos lograremos la prosperidad de Pallatanga, garantizando empleo, salud, educación, seguridad y bienestar para todos los habitantes.",468,1.7K,191
Guillermo Lasso,@LassoGuillermo,"·.@ivonnebaki continuará siendo la Embajadora de Ecuador en Estados Unidos. Trabajaremos para fortalecer las relaciones entre ambos países y garantizar el bienestar de los ecuatorianos en EEUU. Estamos comprometidos con la apertura al mundo, la cooperación y el desarrollo.",1.3K,4.9K,812
Guillermo Lasso,@LassoGuillermo,"·Todos los ecuatorianos anhelan una casa propia.

Junto a @dariovherrera en el Ministerio de Desarrollo Urbano y Vivienda vamos a construir hogares para miles de familias. Garantizaremos viviendas dignas a través de una gestión eficiente y solidaria.#EncontrémonosPorLaVivienda",184,1.3K,299
Guillermo Lasso,@LassoGuillermo,"·La vacunación es prioridad. Vamos a firmar un acuerdo de provisión de vacunas Sputnik V con Rusia para fortalecer nuestro plan. Agradecemos a las autoridades rusas por su disposición y apertura. 

Este es un gran encuentro por la salud y la reactivación del Ecuador.",842,10.9K,1.7K
Guillermo Lasso,@LassoGuillermo,"·En #ElEcuadorDelEncuentro vamos a crear oportunidades para lograr la prosperidad de todas las familias ecuatorianas. 

Nuestra meta es un país moderno, con libertad para emprender, atraer inversión y generar empleo. ",247,2K,317
Guillermo Lasso,@LassoGuillermo,"·Pronto empezamos el recorrido hacia un mejor Ecuador, uno con empleo, bienestar y seguridad para todos. 

¡El cambio lo logramos juntos! ",801,7.2K,873
Guillermo Lasso,@LassoGuillermo,"·La educación crea oportunidades, brinda bienestar y seguridad. Nuestra meta con @mariabrownp para el Ministerio de Educación es modernizar el sistema educativo y trabajar por la prosperidad de todos los estudiantes y docentes. #EncontrémonosPorLaEducación",384,1.4K,265
Guillermo Lasso,@LassoGuillermo,"·Agradezco a la Presidenta del CNE @DianaAtamaint por poner a disposición la institución y su compromiso con colaborar al proceso de vacunación. Trabajaremos en conjunto para vacunar a la ciudadanía. La salud y la vida de los ecuatorianos son prioridad.Quote TweetDiana Atamaint@DianaAtamaintMay 6Acogemos con entusiasmo la iniciativa del presidente electo @LassoGuillermo. El @cnegobec pone a disposición padrón electoral, información de recintos electorales y aplicativo móvil para que en una acción interinstitucional generemos las condiciones y todos en  nos vacunemos.",226,2.4K,570
Guillermo Lasso,@LassoGuillermo,"·El Ministerio de Economía y Finanzas estará a cargo de Simón Cueva, un gran profesional comprometido con el futuro del Ecuador. 

Nuestra gestión será responsable y solidaria con la ciudadanía. Vamos a poner en orden la economía con sentido social.  #ElEcuadorDelEncuentro",506,5.4K,885
Sebastián Palacios,@SebasPalaciosSP,"·La transformación del deporte ecuatoriano está por llegar. 

Juntos vamos a lograrlo  #EncontrémonosPorElDeporteQuote TweetGuillermo Lasso@LassoGuillermoMay 5El deporte es vida, salud y bienestar. @SebasPalaciosSP acompañará a los deportistas desde el Ministerio del Deporte para que cumplan con sus metas y objetivos. El talento deportivo en Ecuador tiene un gran potencial y recibirá todo nuestro apoyo. #EncontrémonosPorElDeporte",68,662,104
Guillermo Lasso,@LassoGuillermo,"·El deporte es vida, salud y bienestar. @SebasPalaciosSP acompañará a los deportistas desde el Ministerio del Deporte para que cumplan con sus metas y objetivos. El talento deportivo en Ecuador tiene un gran potencial y recibirá todo nuestro apoyo. #EncontrémonosPorElDeporte0:5334.4K views",117,1K,188
Guillermo Lasso,@LassoGuillermo,"·La protección social, la inclusión económica y la lucha contra el hambre y la desnutrición infantil son ejes centrales en los planes, programas y proyectos para el MIES. 

Junto a @maemontanov, mejoraremos las condiciones de vida en Ecuador. #EncontrémonosPorLaInclusión",240,1.8K,398
Guillermo Lasso,@LassoGuillermo,"·Somos un país creativo con gran riqueza artística y cultural. Desde el Ministerio de Cultura y Patrimonio, con @MaElenaMachucaM daremos apoyo para crear oportunidades de bienestar y que el talento de cada ecuatoriano sea debidamente recompensado.  #EncontrémonosPorLaCultura",93,850,178
María Elena Machuca,@MaElenaMachucaM,"·Presidente @LassoGuillermo el camino está trazado.

Nuestra riqueza cultural y patrimonial es motivo de orgullo para todo el Ecuador.

Y con ese orgullo nos volveremos a mostrar al mundo.#EncontrémosPorLaCultura Quote TweetGuillermo Lasso@LassoGuillermoMay 3Con @MaElenaMachucaM en el Ministerio de Cultura y Patrimonio nos enfocaremos en: Crear el Sistema Nacional de Impulso Creativo  La promoción y mejora de incentivos tributarios   Apoyo integral para la reactivación de la economía naranja#EncontrémonosPorLaCultura",40,425,85
Guillermo Lasso,@LassoGuillermo,"·Octubre de 1981 fue la última vez que estuve con mi familia en mi primera casa en el Barrio Orellana de Guayaquil, donde nací y crecí junto a mis padres y hermanos. Siempre estaré agradecido por todos los aprendizajes, el amor y cariño que recibí en este hogar.",212,4K,407
Guillermo Lasso,@LassoGuillermo,·Hoy regresé a la casa donde viví mi niñez. Un lugar lleno de recuerdos y nostalgia. ,471,8.3K,959
Guillermo Lasso,@LassoGuillermo,"·Como ciudadanos en la función pública, debemos servir con transparencia y solidaridad. En el Ecuador del encuentro, siempre actuaremos por el bienestar de todos. 

Nuestro Gobierno va a trabajar permanentemente junto a los GADs de los 221 cantones para sacar adelante al país. ",115,1.2K,250
Guillermo Lasso,@LassoGuillermo,"·En la Secretaría del Deporte, @SebasPalaciosSP se encargará de crear espacios junto a la sociedad civil para el desarrollo deportivo. El apoyo integral a niños y jóvenes, atletas y paratletas, es fundamental. Trabajaremos en: Academias deportivas en barrios populares",105,1K,141
Guillermo Lasso,@LassoGuillermo,"· Respaldo estatal a deportistas en educación superior Promoción de ligas barriales, intercolegiales y universitarias Planes y programas deportivos para el nivel formativo y de alto rendimiento 

¡El deporte es factor del encuentro! #EncontrémonosPorElDeporte",38,551,91
Guillermo Lasso,@LassoGuillermo,"·El deporte es una herramienta de desarrollo. Desde la Secretaría del Deporte, que la transformaremos en Ministerio, vamos a impulsar el deporte como forma de vida, ecosistema y generador de referentes. 

Junto a @SebasPalaciosSP, será una realidad. #EncontrémonosPorElDeporte0:3137.8K views",110,915,134
Guillermo Lasso,@LassoGuillermo,·Mi postura sobre lo resuelto por la Corte Constitucional el día de hoy.,2.1K,18.6K,5.2K
Guillermo Lasso,@LassoGuillermo,"·Hoy mantuve un encuentro con representantes de @AMEcuador y Alcaldes del país, quienes conocen de primera mano las necesidades y viven los problemas cotidianos de los cantones. Actuaremos guiados única y exclusivamente por ese mandato de construir el Ecuador del Encuentro. ",63,1K,157
Guillermo Lasso,@LassoGuillermo,"·Con el fin de que puedan cumplir con sus labores, concretaremos las siguientes acciones:

◦ Transparencia en compromisos con GADs 
◦ Colaboración en Plan de Vacunación 
◦ Planes de seguridad ciudadana 
◦ Proyectos de agua potable 
◦ Generación de empleo",27,550,88
Guillermo Lasso,@LassoGuillermo,"·De nuestro lado encontrarán un Gobierno Nacional que los respaldará incondicionalmente en todo objetivo que signifique el progreso de los ecuatorianos. En mí tendrán, más que a un Presidente, a un servidor. ¡Trabajaremos juntos para sacar adelante al Ecuador! ",62,600,93
Guillermo Lasso,@LassoGuillermo,·Los Ministros del Frente Social ,326,3.3K,552
Guillermo Lasso,@LassoGuillermo,"·Agradezco al Presidente @EmmanuelMacron por sus buenos deseos para el Ecuador. Fortaleceremos la cooperación con Francia a través de una visión de desarrollo, bienestar y prosperidad. Celebro este compromiso de robustecer nuestra relación bilateral. ",133,4.7K,679
Mae Montaño,@maemontanov,"·Emocionada y honrada de poder continuar con mi trabajo por los sectores más necesitados, ahora desde el ministerio @InclusionEc.
Mi compromiso inquebrantable por un Ecuador inclusivo con mejores condiciones económicas y sociales para todos. #EcuadorDelEncuentro#CambioCiudadano",1K,8.8K,1.1K
Guillermo Lasso,@LassoGuillermo,"·Acaba de fallecer el cantante indígena Jesús Fichamba de COVID-19, quien nos deja un gran legado con la composición de La Pinta, La Niña y La Santa María y varios éxitos artísticos. Mis más sinceras condolencias a sus seres queridos, que descanse en paz.",202,6.3K,946
Guillermo Lasso,@LassoGuillermo,·Fe de erratas: Jesús Fichamba fue intérprete de dicho tema musical.,33,773,51
Bernarda Ordóñez Moscoso,@BernardaOM,"·Gracias Pdte. @LassoGuillermo por la confianza que me brinda como Secretaria @DDHH_Ec. Asumo con responsabilidad el compromiso de trabajar por un país donde se respeten y garanticen los derechos.

Mujeres y jóvenes demostraremos que podemos contribuir al desarrollo del Ecuador",530,6.8K,786
Sebastián Palacios,@SebasPalaciosSP,"·Como deportista, sé lo que significa prepararse para enfrentar un nuevo reto. Asumo con humildad este desafío, y prometo como siempre, dejarlo todo en la cancha!

Gracias @LassoGuillermo por la confianza. #EcuadorEsDeporte ",586,7.8K,811
Movimiento Cambio Ciudadano,@MovimientoCCEC,"·Mae Montaño, nueva Ministra de Inclusión Económica y Social... en nuestra líder vemos a una servidora por naturaleza, íntegra, solidaria y eficiente.

Un gran acierto para @InclusionEc, un ministerio decisivo en la transformación hacia el #EcuadorDelEcuentro #CambioCiudadano",207,2.6K,499
Guillermo Lasso,@LassoGuillermo,"·.@BernardaOM estará a cargo de la Secretaría de Derechos Humanos. 

El nuevo gobierno inicia una lucha sin tregua contra la violencia de género. Desde esta Cartera de Estado, dedicaremos todos los esfuerzos por la plena vigencia de los derechos humanos en Ecuador.",124,1.9K,327
Guillermo Lasso,@LassoGuillermo,"·En el Ministerio de Cultura y Patrimonio, contamos con María Elena Machuca.

La pandemia ha golpeado al arte y la cultura. Trabajaremos para que los artistas tengan más oportunidades, que sean reconocidos por su mérito creativo, y que sean plenamente recompensados por sus obras.",77,1.5K,321
Bernarda Ordóñez Moscoso,@BernardaOM,"·Gracias Pdte. @LassoGuillermo por la confianza que me brinda como Secretaria @DDHH_Ec. Asumo con responsabilidad el compromiso de trabajar por un país donde se respeten y garanticen los derechos.

Mujeres y jóvenes demostraremos que podemos contribuir al desarrollo del Ecuador",530,6.8K,786
Sebastián Palacios,@SebasPalaciosSP,"·Como deportista, sé lo que significa prepararse para enfrentar un nuevo reto. Asumo con humildad este desafío, y prometo como siempre, dejarlo todo en la cancha!

Gracias @LassoGuillermo por la confianza. #EcuadorEsDeporte ",586,7.8K,811
Movimiento Cambio Ciudadano,@MovimientoCCEC,"·Mae Montaño, nueva Ministra de Inclusión Económica y Social... en nuestra líder vemos a una servidora por naturaleza, íntegra, solidaria y eficiente.

Un gran acierto para @InclusionEc, un ministerio decisivo en la transformación hacia el #EcuadorDelEcuentro #CambioCiudadano",207,2.6K,499
Guillermo Lasso,@LassoGuillermo,"·.@BernardaOM estará a cargo de la Secretaría de Derechos Humanos. 

El nuevo gobierno inicia una lucha sin tregua contra la violencia de género. Desde esta Cartera de Estado, dedicaremos todos los esfuerzos por la plena vigencia de los derechos humanos en Ecuador.",124,1.9K,327
Guillermo Lasso,@LassoGuillermo,"·En el Ministerio de Cultura y Patrimonio, contamos con María Elena Machuca.

La pandemia ha golpeado al arte y la cultura. Trabajaremos para que los artistas tengan más oportunidades, que sean reconocidos por su mérito creativo, y que sean plenamente recompensados por sus obras.",77,1.5K,321
Guillermo Lasso,@LassoGuillermo,"·.@dariovherrera liderará el Ministerio de Desarrollo Urbano y Vivienda. 

Un Ecuador con viviendas dignas es aquel que incluye soluciones habitacionales de calidad con un entorno que fomente una comunidad segura. Lograremos que los ecuatorianos accedan a una vivienda digna.",156,2K,381
Guillermo Lasso,@LassoGuillermo,"·.@mariabrownp será la Ministra de Educación. 

Trabajaremos incansablemente por el acceso a oportunidades educativas en todos los niveles. Los niños y jóvenes del Ecuador tendrán educación de calidad. ",696,4.1K,636
Guillermo Lasso,@LassoGuillermo,"·Alejandro Ribadeneira estará a cargo de la Secretaría de Educación Superior, Ciencia, Tecnología e Innovación. 

Facilitaremos el acceso de los jóvenes a las universidades, para que tengan libertad de estudiar y seguir sus vocaciones.",204,2.3K,524
Guillermo Lasso,@LassoGuillermo,"·Vamos a reemplazar la institución con una nueva secretaría de vanguardia, en línea con los más exitosos modelos de gestión educativa.",73,1.2K,205
Guillermo Lasso,@LassoGuillermo,·Desde la Presidencia tendremos una Unidad Coordinadora de Vacunación dirigida por un empresario ecuatoriano que asumirá la tarea de apoyar al sistema de salud y al gobierno en el proceso de vacunación.,422,5.3K,814
Guillermo Lasso,@LassoGuillermo,"·Para nuestro gobierno será un honor contar con el liderazgo y preparación de la Dra. @XimenaGarzon11 en el Ministerio de Salud. 

Tenemos el reto más grande y noble: salvar el futuro de un país entero. Estamos seguros que lo vamos a lograr, la salud de las familias es prioridad.",230,2.6K,642
Guillermo Lasso,@LassoGuillermo,"·Desde sus espacios, ellos se han dedicado a crear oportunidades y a luchar cada día por un mejor futuro. El Ecuador nos llama a ser funcionarios ejemplares. Como gobierno, tenemos la oportunidad de demostrar que la buena política puede lograr bienestar y seguridad para todos.",12,644,110
Guillermo Lasso,@LassoGuillermo,"·Hoy a las 11h00, desde la ciudad de Quito, presentaremos a los ministros del Frente Social. Contamos con ciudadanos valiosos y comprometidos con el país. En mis redes sociales podrán unirse a la transmisión en vivo. YT: FB: ",83,1K,228
Guillermo Lasso,@LassoGuillermo,"·Sigo con optimismo y con la voluntad de servir a los ecuatorianos. Estoy trabajando para formar el mejor equipo de gobierno que nos permita lograr un verdadero cambio. El Ecuador del encuentro es prosperidad, oportunidades y bienestar. : @ecuavisa.",258,2.7K,357
Guillermo Lasso,@LassoGuillermo,"·Hay causas importantes que están incluidas en nuestra gestión: los derechos de las mujeres, igualdad de oportunidades para la población LGBTI+, protección del ambiente, políticas públicas sostenibles y varias luchas ciudadanas. Esto lo logramos encontrándonos. : @ecuavisa.",87,1.3K,218
Guillermo Lasso,@LassoGuillermo,"·En Ecuador hay problemas muy graves: hambre, pobreza y falta de empleo, tanto en el campo como en las ciudades. Estamos seguros que desde el primer día nuestro Plan de Gobierno nos permitirá enfrentar estos desafíos para salir adelante.: @ecuavisa.",140,1.5K,264
Guillermo Lasso,@LassoGuillermo,"·Estamos dispuestos a conversar, trabajar y construir juntos un mejor futuro. Seré el Presidente de todos los ecuatorianos. Mantengo mi postura de que el Ecuador del encuentro no da lugar a impunidad, ni a actos de corrupción. : @ecuavisa.",194,2.3K,458
Guillermo Lasso,@LassoGuillermo,"·He iniciado gestiones para adquirir vacunas con otros gobiernos, entre ellos los de Estados Unidos, China, Rusia y países latinoamericanos. Vamos a cumplir nuestra meta de vacunar a 9 millones de ecuatorianos en los primeros 100 días de gobierno. : @ecuavisa.",519,6.2K,1.1K
Guillermo Lasso,@LassoGuillermo,"·China va a donar al Ecuador 200 mil vacunas para apoyar al Plan de Vacunación. La principal urgencia es enfrentar la crisis sanitaria, necesitamos cuidar la vida de las familias. El país se va a reactivar cuando vacunemos a la mayor cantidad de la población. : @ecuavisa.",100,1.7K,254
Guillermo Lasso,@LassoGuillermo,"·En breve estaremos en Contacto Directo, de @ecuavisa, junto a @ESTEFANIESPIN y @LeninArtieda. Primera entrevista en televisión nacional como Presidente Electo.",41,1K,134
Guillermo Lasso,@LassoGuillermo,"·Nuestras más sinceras condolencias a los familiares y seres queridos de José Vásquez por esta dolorosa pérdida, fue un gran líder del Movimiento Acción Democrática Ecuatoriana y defensor de la democracia. Que descanse en paz.",36,876,112
Guillermo Lasso,@LassoGuillermo,·El Ecuador se ha vuelto más atractivo para el mundo. Seguiremos el camino que nos permita atraer inversión y generar empleos. ,341,3.8K,742
Guillermo Lasso,@LassoGuillermo,"·La unidad en la diversidad es el camino para lograr un país con oportunidades, bienestar y seguridad. 

¡Sigamos encontrándonos por el futuro del Ecuador! ",245,2.6K,417
Guillermo Lasso,@LassoGuillermo,"·La reactivación del agro es fundamental. El PLAN EQUIDAD RURAL busca: Acceso a créditos, programas de capacitación y asistencia técnica  Riego parcelario y semillas gratuitas  Salud, educación y vivienda Apoyo integral para aumentar la competitividad",237,2.4K,497
Guillermo Lasso,@LassoGuillermo,"·En Colombia tuvimos una exitosa reunión de trabajo junto al Presidente @IvanDuque. Expreso mi gratitud por la disposición para fortalecer los lazos de hermandad entre ambos países y el compromiso de lograr objetivos en común en materia de seguridad, economía y bienestar.",159,2.9K,505
Marta Lucía Ramírez,@mluciaramirez,"·Sostuvimos productivo encuentro con presidente electo de Ecuador @LassoGuillermo, para fortalecer la democracia, las libertades y el progreso económico de Ecuador, Colombia y toda América Latina, a pesar de la crisis derivada del COVID-19.",74,2.6K,453
Iván Duque,@IvanDuque,"·Agradecemos al Presidente electo de #Ecuador, @LassoGuillermo, su visita y expresamos nuestra hermandad, aprecio y afecto al hermano pueblo ecuatoriano, país que cuenta con Colombia para avanzar en agendas comunes de comercio, inversión, seguridad y que juntos progresemos.",112,1.6K,361
Iván Duque,@IvanDuque,"·Luego de productivo  encuentro con el Presidente electo de Ecuador, @LassoGuillermo, reiteramos nuestro apoyo para el ingreso como miembro pleno de la #AlianzaDelPacífico; además, estrechamos lazos y definimos objetivos comunes para generar oportunidades y reactivación segura.",93,1.3K,344
Guillermo Lasso,@LassoGuillermo,"·En esta primera visita, @MLAlcivar dialogó con la Primera Dama de Colombia María Juliana Ruiz, quien lidera proyectos sociales que benefician a niños y jóvenes colombianos. Estamos tomando como referencia las buenas prácticas del país para aplicarlas en Ecuador.",181,3.5K,522
Guillermo Lasso,@LassoGuillermo,"·Puntos importantes de la reunión con el Presidente @IvanDuque. ◦ Ingreso de Ecuador a la Alianza del Pacífico 
◦ Libre comercio, apertura económica y movilidad 
◦ Cooperación en materia de seguridad para luchar contra el narcotráfico y el crimen transnacional",327,5.6K,1.3K
Guillermo Lasso,@LassoGuillermo,"·◦ La integración de América Latina
◦ Protección ambiental (cuidado de biodiversidad y ecosistemas, lucha contra la pesca ilegal)
◦ La necesidad de un trabajo coordinado para el abastecimiento y la distribución de vacunas contra el COVID-19 en la región ",69,1.8K,301
Guillermo Lasso,@LassoGuillermo,·Encuentro con el Presidente @IvanDuque en la Casa de Nariño. FB: YT:Reunión con el Presidente de Colombia Iván DuqueÚnete a la Reunión con el Presidente de Colombia Iván Duque hoy a las 14:00 youtube.com,26,669,108
Iván Duque,@IvanDuque,"·#AEstaHora recibimos en la Casa de Nariño al Presidente Electo de #Ecuador, @LassoGuillermo, con quien nos reuniremos para trazar la hoja de ruta de nuestras relaciones bilaterales; nos une la hermandad y objetivos comunes en comercio, seguridad, migración y multilateralismo.",418,5.1K,1.1K
Alfredo Borrero,@ABorreroVega,·Hoy empezó el proceso de transición y desde ya nos encontramos trabajando para el futuro del Ecuador. Este es el inicio del cambio.,249,3.2K,374
Guillermo Lasso,@LassoGuillermo,"·Este es el inicio del camino hacia un verdadero cambio. El Ecuador del encuentro lo construimos todos juntos, trabajando de la mano con los ciudadanos, quienes realmente tienen el poder de lograr un mejor país. 

GRACIAS, en mí tendrán a un Presidente que siempre los apoye.",361,6.1K,936
Guillermo Lasso,@LassoGuillermo,·Hoy es un día importante para nuestra democracia. Siempre he sido firme en que la transparencia es fundamental para fortalecer la relación con los ciudadanos. Los mantendré informados del proceso de transición y acontecimientos desde mis redes sociales.,232,3.3K,514
Guillermo Lasso,@LassoGuillermo,·Desde Quito avanza el proceso de transición de Gobierno. Hay una comisión dedicada a la transferencia de información y datos. Agradezco la apertura y disposición en este primer encuentro. La principal urgencia es el Plan de Vacunación. Palacio de Carondelet.,269,5.4K,659
Guillermo Lasso,@LassoGuillermo,·Inicia el proceso de transición. ,1.2K,20.9K,2.5K
Guillermo Lasso,@LassoGuillermo,"·Vamos a impulsar un liderazgo ambiental responsable, que proteja a la naturaleza y a las comunidades en Ecuador. Nuestra gestión promoverá políticas públicas sostenibles y una economía verde.   

Es el camino para ser mejores socios del mundo. ",221,3.3K,554
Guillermo Lasso,@LassoGuillermo,"·Con el 100% de las actas escrutadas, nuevamente quiero agradecer a los ecuatorianos por todo su apoyo. Tenemos mucho trabajo por hacer, el camino hacia un mejor país lo recorreremos juntos. 

¡Lo logramos! GRACIAS. Quote Tweetcnegobec@cnegobecApr 17IMPORTANTE  Con el 100% de actas escrutadas de la dignidad de presidente y vicepresidente de la República del Ecuador, estos son los #ResultadosOficialesCNE .",848,10.4K,1.9K
Guillermo Lasso,@LassoGuillermo,"·Ecuador es

LIBERTAD 
SOLIDARIDAD
DIVERSIDAD
EMPRENDIMIENTO 
ESPERANZA 

¡Siempre saldremos adelante! ",247,5.4K,794
Guillermo Lasso,@LassoGuillermo,"·Conversé con el Presidente @jairbolsonaro para reafirmar nuestro compromiso con fortalecer la relación entre Brasil y Ecuador. Le agradezco por aceptar la invitación a la posesión el 24 de Mayo. La cooperación es fundamental para el desarrollo de América Latina.Quote TweetJair M. Bolsonaro@jairbolsonaroApr 16Conversei hoje com @LassoGuillermo, presidente eleito do Equador. Reafirmei minha admiração pelo povo equatoriano e meu compromisso com o avanço das relações entre nossos países. Também saudei sua vitória, que reforçará nossa luta em defesa da democracia e da liberdade na região.Show this thread",591,11.6K,2.3K
Guillermo Lasso,@LassoGuillermo,"·Hoy y siempre reitero mi apoyo a los emprendedores. En nuestro gobierno, impulsaremos el emprendimiento con Fondo Semilla, capacitaciones y libertad. Celebro ese espíritu que ha llevado a ecuatorianos a iniciar sus propios negocios y crear empleo.#DíaMundialDelEmprendimiento",294,5.9K,843
Guillermo Lasso,@LassoGuillermo,·Una de nuestras prioridades en los primeros 100 días de Gobierno es vacunar a los ecuatorianos de forma transparente y eficiente. La salud es el camino para la reactivación del país. ,275,2.8K,505
Guillermo Lasso,@LassoGuillermo,"·Gracias a la Unión Europea por su apertura y mensaje de unión. Fortaleceremos las relaciones y trabajaremos en conjunto por la libertad, el desarrollo y la igualdad de oportunidades.Quote TweetUE en Ecuador@UEenEcuadorApr 14@JosepBorrellF, Alto Representante de la #EU  para Asuntos Exteriores, felicita a @LassoGuillermo por su triunfo en las elecciones de Ecuador En la @UEenEcuador estamos comprometidos con el país para tener una recuperación sostenible post COVID @EUAmbEcuador twitter.com/JosepBorrellF/…",121,4.4K,625
Guillermo Lasso,@LassoGuillermo,"·La familia y los seres queridos son nuestros principales pilares de apoyo en la vida. Agradezco que hoy la mía me haya acompañado en esta entrevista en @CNNEE junto a @soyfdelrincon.

Espero que la hayan disfrutado, les mando un fuerte abrazo. ",255,8.5K,1K
Guillermo Lasso,@LassoGuillermo,·Nuestro proyecto de reforma tributaria tiene como objetivo eliminar impuestos para reactivar los sectores productivos del Ecuador. Quiero ser claro: es fundamental rechazar la evasión fiscal. : @CNNEE.,228,5.5K,843
Guillermo Lasso,@LassoGuillermo,"·Vamos a lograr un crecimiento económico importante que genere empleo, impulse emprendimientos de mujeres y jóvenes, y apoye al progreso del campo y las ciudades. Todos debemos contribuir para sacar adelante al Ecuador.: @CNNEE.",661,13.7K,1.6K
CNN en Español,@CNNEE,"·  @LassoGuillermo:  ""En el Ecuador no habrá impunidad. No habrá política de persecución. No llego con una lista de personas a las que quiero ver en la cárcel, pero el Poder Judicial tiene el deber de actuar""    @soyfdelrincon #ConcluLASSO",65,2.6K,593
Ana María Cañizares,@anniecanizares,"· AHORA: 

El presidente electo, Guillermo Lasso, en @CNNEE con @soyfdelrincon. 

Lo acompañan su esposa @MLAlcivar y sus hijos.",52,2.2K,291
Guillermo Lasso,@LassoGuillermo,"·Hoy a las 21h00 los invito a acompañarme en una entrevista en @CNNEE junto a @soyfdelrincon.

Les comparto los links para que puedan unirse desde mis redes sociales. FB: YT: ",100,1.8K,361
Guillermo Lasso,@LassoGuillermo,"·Thank you President Joe Biden for your message. This victory is shared by all Ecuadorians and democracy. I emphasize my commitment to strengthen relations between Ecuador and the United States, as cooperation is fundamental for the development and progress of all citizens.Quote TweetThe White House@WhiteHouseUnited States government organizationApr 13President Biden congratulates Guillermo Lasso on his election as the next President of Ecuador, as well as the people of Ecuador for demonstrating the power of peaceful and inclusive political participation and upholding the ideals of democracy.",160,7.9K,1.2K
Guillermo Lasso,@LassoGuillermo,"·Gracias Presidente Joe Biden por su mensaje. Este triunfo es de todos los ecuatorianos y de la democracia. Reitero mi compromiso de fortalecer las relaciones entre Ecuador y Estados Unidos, la cooperación es fundamental para el desarrollo y progreso de los ciudadanos.",47,2.7K,288
Guillermo Lasso,@LassoGuillermo,"·We thank you @SecBlinken for your best wishes. Ecuador and The United States need to work together in areas of health, development and economic recovery. We hope that the pursuit of prosperity continues to strengthen the relationship between both countries.Quote TweetSecretary Antony Blinken@SecBlinkenUnited States government officialApr 13Congratulations to Ecuadorian President-Elect @LassoGuillermo and Vice President-Elect @ABorreroVega. We look forward to strengthening our close ties and working together to confront the pandemic and reinvigorate economic prosperity.",26,2.1K,325
Guillermo Lasso,@LassoGuillermo,"·Le agradezco sus buenos deseos @SecBlinken. Ecuador y Estados Unidos necesitan trabajar en conjunto en materia de salud, desarrollo y reactivación económica. Que la búsqueda de la prosperidad siga fortaleciendo las relaciones entre ambos países.",26,1K,129
Guillermo Lasso,@LassoGuillermo,·El Ecuador del encuentro continuará en los 4 años de gobierno. Extenderé mi mano a todos los líderes políticos y a la sociedad ecuatoriana para lograr una verdadera unidad. La diversidad es necesaria para llevar a cabo un excelente proceso de gobernabilidad. : @NTN24Zoom.,241,4.1K,501
Guillermo Lasso,@LassoGuillermo,"·Tenemos que poner en orden la economía y crear oportunidades para los ecuatorianos y los extranjeros que viven en el país. Hay que ser gratos con el mundo y coherentes, debemos solidarizarnos con las familias que han venido a Ecuador en busca de una vida mejor.: @NTN24Zoom.",85,1.7K,210
Guillermo Lasso,@LassoGuillermo,"·En Ecuador hay hambre, pobreza, falta de empleo, desnutrición crónica infantil y varias crisis por enfrentar. Nuestro Plan de Gobierno apunta a solucionar estos problemas y superar los desafíos de nuestro país con entereza y decisión. : @NTN24Zoom.",92,1.6K,206
Guillermo Lasso,@LassoGuillermo,"·Es una muy buena noticia para Ecuador que haya bajado el riesgo país. Ahora tenemos que trabajar para que el riesgo país baje aún más.

Vamos a atraer inversión y crear empleo en todos los sectores de la economía ecuatoriana. #JuntosLoLogramos",479,7.9K,1.5K
Guillermo Lasso,@LassoGuillermo,"·Decidí venir en este primer día a la ciudad de Quito, donde nació mi padre, para agradecer a los quiteños, a la provincia de Pichincha, a la Sierra, y a los pueblos y nacionalidades que nos dieron su apoyo en este triunfo que es de todos los ecuatorianos.",389,9.2K,1K
Guillermo Lasso,@LassoGuillermo,"·Desde Quito extiendo mi mano y les aseguro que las puertas están abiertas para todos los ecuatorianos, sin excepción. Tenemos una gran responsabilidad: lograr la prosperidad de las familias. Es un honor tener la oportunidad de servirles.: Rueda de Prensa en Quito.",119,3.4K,381
Guillermo Lasso,@LassoGuillermo,"·Mi eterna gratitud con las provincias de la Sierra, sus habitantes, los pueblos y nacionalidades, las comunidades en las zonas rurales y todas las familias de la región que se unieron a este encuentro por el Ecuador. Gracias por su apoyo y confianza.",443,10K,1.2K
Guillermo Lasso,@LassoGuillermo,"·Gracias a la Costa por su respaldo. Tenemos una gran tarea pendiente: la prosperidad colectiva de todas las provincias. No dejaremos a nadie atrás en el Ecuador del encuentro. Asimismo, agradezco a la región Insular y les reitero mi compromiso de lograr un mejor país para todos.",77,3.4K,395
Guillermo Lasso,@LassoGuillermo,"·Finalmente, quiero dar un mensaje a los ecuatorianos: debemos estar unidos y respetar nuestras diferencias para sacar adelante al Ecuador. Este es un trabajo de todos, que empieza desde hoy. Muchas gracias por todos sus mensajes. 

¡JUNTOS LO LOGRAMOS! ",221,5.4K,756
Guillermo Lasso,@LassoGuillermo,·Los invito a ser parte de esta rueda de prensa en Quito desde mis redes sociales. ¡Nos vemos a las 16h00! Sigamos encontrándonos por Ecuador. FB: YT: #JuntosLoLogramos,88,2.3K,392
Guillermo Lasso,@LassoGuillermo,·Gracias por su mensaje Presidente @DrGiammattei. Seguiremos fortaleciendo las relaciones de amistad entre Guatemala y Ecuador con entusiasmo y determinación. Quote TweetAlejandro Giammattei@DrGiammatteiApr 11Conversé con @LassoGuillermo a quien felicité por el triunfo obtenido hoy en las en las elecciones presidenciales en #Ecuador. Le deseo el mayor de los éxitos para el beneficio de su Pueblo y el fortalecimiento de las relaciones de amistad que nos han unido por 130 años. ,63,1.8K,180
Guillermo Lasso,@LassoGuillermo,"·Gracias por los buenos deseos @rabascallcarlos. Este triunfo es por todas las familias ecuatorianas y su bienestar. En el Ecuador del encuentro ganamos todos.Quote TweetCarlos Rabascall@rabascallcarlosApr 12Felicitaciones a @LassoGuillermo, en sus manos está el futuro del país y de su gente, gobierne con sabiduría y en beneficio de las grandes mayorías que merecen un gobierno solidario. Le deseo éxito, pues su éxito será el del país entero.",109,2.4K,230
Guillermo Lasso,@LassoGuillermo,"·Gracias @xhervas. Empieza una nueva etapa para Ecuador, en la que todas y todos podamos vivir mejor. Ganaron la democracia, la libertad y las familias ecuatorianas.Quote TweetXavier Hervas@xhervasApr 11Hoy, 11 de Abril empieza un cambio. Todos ganamos cuando Ecuador gana. Ganamos en democracia y en libertades. Dejemos atrás la división y reactivemos al país.

Felicitaciones @LassoGuillermo y mi deseo de que usted pueda encaminar esta tierra bendecida, nuestro Ecuador.",106,5.4K,590
Guillermo Lasso,@LassoGuillermo,"·Gracias, Presidente @MaritoAbdo. Sigamos fortaleciendo las relaciones de nuestros países con determinación y liderazgo. Un saludo.Quote TweetMarito Abdo@MaritoAbdoApr 11Nuestras felicitaciones al presidente electo del Ecuador @LassoGuillermo y al pueblo ecuatoriano por esta jornada democrática.",51,1.7K,172
Guillermo Lasso,@LassoGuillermo,"·Muchas gracias Presidente @sanchezcastejon por sus palabras. Ecuador y España continuarán siendo grandes aliados para superar los desafíos y las crisis que enfrentamos. Un saludo.Quote TweetPedro Sánchez@sanchezcastejonRepresentante gubernamental de EspañaApr 12Enhorabuena, @LassoGuillermo, por este triunfo en las elecciones de Ecuador. Y felicidades también al pueblo ecuatoriano.

El Gobierno de España confía en seguir fortaleciendo las relaciones con la región, por el impulso del desarrollo sostenible y la recuperación post COVID-19.",49,2.2K,222
Guillermo Lasso,@LassoGuillermo,"·Muchas gracias Presidente @IvanDuque por su compromiso con fortalecer la relación entre Colombia y Ecuador. Gracias por su invitación al país, desde ya empieza el trabajo por una América Latina más próspera y democrática.Quote TweetIván Duque@IvanDuqueApr 11Felicitamos a @LassoGuillermo por su elección como Presidente de #Ecuador. Hace unos minutos dialogamos y hablamos de trabajar juntos por la región; Continuaremos fortaleciendo nuestras relaciones comerciales, de seguridad e integración andina para beneficio de nuestros países.",165,7.7K,1.3K
Guillermo Lasso,@LassoGuillermo,"·Acabo de recibir la llamada de @ecuarauz para felicitarme por el triunfo de todos los ecuatorianos. Gracias por ratificar tu compromiso con el fortalecimiento de la democracia en nuestro país. 

Con El Ecuador del Encuentro ganamos todos. ",2.3K,50.5K,7.9K
Guillermo Lasso,@LassoGuillermo,"·Es un día histórico. Hoy comenzamos a trabajar más duro que nunca y a construir el país que todos queremos y merecemos: el Ecuador del encuentro, con empleo, salud, educación, inclusión, equidad y seguridad para todos.

¡EL CAMBIO LLEGÓ! #JuntosLoLogramos#GraciasEcuador",703,17.1K,3.4K
Guillermo Lasso,@LassoGuillermo,"·Juntos lo logramos, hoy ganó el Ecuador.

¡GRACIAS! ",3.2K,45.8K,11.2K
Guillermo Lasso,@LassoGuillermo,"·¡Juntos lo estamos logrando!

GRACIAS ECUADOR por demostrar su apoyo en las urnas. Como corresponde, vamos a esperar los resultados oficiales.

Estamos positivos y con la fe en alto.#JuntosLoEstamosLogrando",1.8K,22K,4.7K
Guillermo Lasso,@LassoGuillermo,"·A pocos minutos de cerrar las urnas, ha sido una gran jornada democrática. Estamos vigilantes para cuidar cada voto.

Gracias a todos los que salieron a votar por sus familias. El Ecuador del encuentro es para los 17 millones de ecuatorianos. #JuntosLoEstamosLogrando",1.1K,21.1K,3.3K
Guillermo Lasso,@LassoGuillermo,"·¡GRACIAS ECUADOR!

Aún queda tiempo para salir a votar, los invito a ser parte de este gran encuentro por el país. Sigamos los protocolos de bioseguridad para cuidarnos y cuidar a los demás.

El cambio está cerca. #EncontrémonosPorEcuador#LassoPresidente2021",456,8.6K,1.4K
Guillermo Lasso,@LassoGuillermo,"·Con el voto, tenemos el instrumento más poderoso para vivir en un país donde todas nuestras voces sean escuchadas. 

ENCONTRÉMONOS POR ECUADOR. #EncontrémonosPorEcuador#LassoPresidente2021",160,4.1K,733
Guillermo Lasso,@LassoGuillermo,"·Todos aspiramos a un Ecuador con oportunidades, libre y democrático, donde cada familia pueda prosperar.

¡HOY LO VAMOS A LOGRAR! #EncontrémonosPorEcuador#LassoPresidente2021",155,4.2K,809
Guillermo Lasso,@LassoGuillermo,"·Por un Ecuador unido, donde se respeten las diferencias y se trabaje por el bienestar de las familias ecuatorianas, hoy más que nunca debemos encontrarnos por un verdadero cambio. 

ENCONTRÉMONOS PARA LOGRARLO. #EncontrémonosPorEcuador#LassoPresidente2021",76,2.3K,485
Guillermo Lasso,@LassoGuillermo,"·Gracias a los maestros ecuatorianos y a los estudiantes que nos apoyan, gracias por poner primero a la LIBERTAD, al bienestar y a un sistema educativo de calidad.

Juntos vamos a lograr un país con educación para todos. #JuntosLoEstamosLogrando",173,2.2K,607
Guillermo Lasso,@LassoGuillermo,"·Gracias a todas las familias en el campo y la ruralidad que trabajan sin descanso y son parte de este gran ENCUENTRO POR EL CAMBIO. Su apoyo es motivo de alegría y total agradecimiento. 

Con nosotros, los mejores días para ustedes están cerca.#JuntosLoEstamosLogrando",114,2.1K,599
Guillermo Lasso,@LassoGuillermo,·Faltan 2 días para el Ecuador del encuentro.#JuntosLoEstamosLogrando ,707,10.4K,1.9K
Guillermo Lasso,@LassoGuillermo,"·El 11 de Abril es posible iniciar una nueva etapa de progreso en la que todos podamos vivir mejor.

En nuestras manos tenemos la herramienta más poderosa que existe para que cumplamos nuestros sueños. ¡Cuento con ustedes! #JuntosLoEstamosLogrando0:2821.6K views",168,3.3K,930
Guillermo Lasso,@LassoGuillermo,"·Un Ecuador unido, un país más fuerte para sobrepasar cualquier adversidad. #JuntosLoEstamosLogrando ",242,5.6K,1.4K
Guillermo Lasso,@LassoGuillermo,"·Mi familia.  

Gracias por siempre acompañarme. #JuntosLoEstamosLogrando",391,9.2K,1.4K
Guillermo Lasso,@LassoGuillermo,·¡JUNTOS SALDREMOS ADELANTE! #JuntosLoEstamosLogrando,205,4.2K,1K
Guillermo Lasso,@LassoGuillermo,"·Con el trabajo y el esfuerzo honrado, se puede progresar. A todos los ecuatorianos: PERSEVEREN, vamos a salir adelante y a construir todos juntos un país de oportunidades.#JuntosLosEstamosLogrando",222,4.7K,1.4K
Guillermo Lasso,@LassoGuillermo,"·Necesitamos encontrarnos UNIDOS, respetando nuestras diferencias para salir adelante de esta crisis.

ESTE ES EL ECUADOR QUE TÚ Y YO SOÑAMOS, EL ECUADOR DEL ENCUENTRO. #JuntosLoEstamosLogrando",199,4.4K,1.4K
Guillermo Lasso,@LassoGuillermo,"·Hace más de una década inicié este camino en El Quinche. Tenía un solo sueño: un proyecto nacional que recoja las necesidades de todos los ecuatorianos. Hoy puedo decir que #JuntosLoEstamosLogrando. 

Fue un honor encontrarme con sus habitantes.  #1: 2010  #2: 2021",144,3.4K,738
Guillermo Lasso,@LassoGuillermo,"·Vamos a caminar hacia el futuro, a un Ecuador con seguridad, bienestar y libertad. 

Necesitamos tu voto para lograrlo. #JuntosLoEstamosLogrando",160,2.5K,674
Guillermo Lasso,@LassoGuillermo,"·Me mueve el deseo de servirlos. Entré a la política para servir y construir unidos un mejor Ecuador. Este 11 de Abril, lo vamos a lograr.#JuntosLoEstamosLogrando",233,3.5K,953
Guillermo Lasso,@LassoGuillermo,"·El Ecuador nos necesita unidos para enfrentar el futuro con optimismo, decisión y voluntad. Este 11 de Abril empezamos el camino hacia un mejor país. 

Tu voto es el instrumento más poderoso para lograr un verdadero cambio. #JuntosLoEstamosLogrando",109,1.9K,525
Guillermo Lasso,@LassoGuillermo,"·Gracias a todos los ecuatorianos por ser parte de este gran encuentro. Estamos a un paso de convertir a nuestro país en una tierra de oportunidades para todos.

¡JUNTOS LO ESTAMOS LOGRANDO! #JuntosLoEstamosLogrando",78,1.2K,295
Guillermo Lasso,@LassoGuillermo,·Es 4 días vamos a lograr juntos el Ecuador del encuentro. #JuntosLoEstamosLogrando,395,5.9K,1.2K
Guillermo Lasso,@LassoGuillermo,"·El voto es la herramienta más poderosa que tenemos para elegir un mejor futuro. En cada rincón del país, las familias esperan con ansias un verdadero cambio. 

Este 11 de Abril, necesitamos de ti para lograrlo.#JuntosLoEstamosLogrando",300,3.1K,951
Guillermo Lasso,@LassoGuillermo,"·¡GRACIAS AZUAY!

El 11 de Abril no es un día cualquiera. Esta elección se trata de ti y de tu familia, del futuro del Ecuador. En nuestras manos tenemos la herramienta más poderosa para construir un mejor país: el voto. 

El mayor honor de mi vida será servirlos a ustedes.",220,4.3K,964
Guillermo Lasso,@LassoGuillermo,"·De todo corazón, te pido que me des la oportunidad de trabajar por el bienestar de tus seres queridos. En 5 días juntos lograremos un cambio en democracia. Gracias por tanto amor y cariño, gracias por su incondicional apoyo. 

¡EL CAMBIO VIENE! #JuntosLoEstamosLogrando",177,2.4K,566
Guillermo Lasso,@LassoGuillermo,"·La lucha por la igualdad y la erradicación de la violencia serán POLÍTICA DE ESTADO. 

Vamos por un Ecuador seguro, justo y más igualitario, donde todas las mujeres puedan caminar libres y sin miedo. #JuntosLoEstamosLogrando",97,1.6K,490
Guillermo Lasso,@LassoGuillermo,"·GRACIAS LOJA, PUDE SENTIR SU APOYO. Les agradezco sus ideas y propuestas de igualdad de oportunidades, llevar agua potable, crear empleo para las comunidades en zonas rurales y dar educación de calidad a los niños y jóvenes. 

Con entusiasmo, #JuntosLoEstamosLogrando. ",120,2.3K,524
Guillermo Lasso,@LassoGuillermo,"·Las mujeres buscan emprender y crear empleos. En nuestro gobierno podrán iniciar sus propios negocios con acceso a microcréditos, capacitaciones y talleres gratuitos. El objetivo: libertad e independencia económica para todas. #JuntosLoEstamosLograndoView",65,777,209
Guillermo Lasso,@LassoGuillermo,"·Hoy muy temprano, tuvimos el agrado de cocinar un tigrillo junto a Beto. ",456,6.4K,890
Guillermo Lasso,@LassoGuillermo,"·Es urgente brindar soluciones a las mujeres ecuatorianas con:  Independencia económica y reducción de la brecha salarial Prevención, sanción y reparación para el acoso y la violencia contra la mujer Conciliación familiar y corresponsabilidad #JuntosLoEstamosLogrando0:179.8K views",109,1.3K,413
Guillermo Lasso,@LassoGuillermo,"·Un país unido, es un país más fuerte. Faltan solo 6 días para juntarnos en un solo puño, y sacar a nuestro país adelante. #JuntosLoEstamosLogrando #EncontrémonosParaLograrlo",206,3.8K,1K
Guillermo Lasso,@LassoGuillermo,"·De todo corazón y de la manera más humilde, les pido que este 11 de Abril me den la oportunidad de demostrar que puedo servirles a ustedes y dar a las futuras generaciones un mejor país del que nosotros recibimos. #JuntosLoEstamosLogrando#EncontrémonosParaLograrlo",1.4K,9.3K,3.1K
Guillermo Lasso,@LassoGuillermo,"·Hemos demostrado que trabajando juntos se puede lograr un verdadero cambio. Cada día más ecuatorianos se suman a nuestro proyecto. Ese es el encuentro que buscamos. 

Dejemos el odio y las mentiras atrás. Caminemos hacia un Ecuador unido y de paz. #JuntosLoEstamosLogrando",360,4.3K,1.4K
Guillermo Lasso,@LassoGuillermo,"·Mi compromiso con @alambiente_ec, colectivo que promueve los derechos humanos y de la naturaleza, es impulsar el desarrollo y la protección del ambiente con una agenda sostenible. 

Nuestro encuentro pueden verlo en: #JuntosLoEstamosLogrando",131,2.9K,870
Guillermo Lasso,@LassoGuillermo,"·Construiremos un Ecuador con trabajos dignos y bien pagados para todos. En nuestro gobierno, padres y madres, jóvenes, mujeres y adultos mayores cumplirán sus sueños en un país de oportunidades. 

¡Lo estamos logrando! #EncontrémonosParaLograrlo",129,1.4K,467
Guillermo Lasso,@LassoGuillermo,"·En 8 días, ENCONTRÉMONOS POR EL ECUADOR. #EncontrémonosParaLograrlo ",312,3.7K,964
Guillermo Lasso,@LassoGuillermo,"·Es lamentable la violencia que vivimos hoy en Guamote. No quiero que ningún ecuatoriano viva con miedo. Nosotros siempre promoveremos el Ecuador del encuentro, un país seguro donde caminemos libres. Mi compromiso es la paz para una democracia plena. #EncontrémonosParaLograrlo",920,6.8K,2.1K
MaLourdes de Lasso,@MLAlcivar,"·Un abrazo graaaande a todos nuestros hermanos de la Provincia hermosa de Chimborazo.Lindos encuentros con @LassoGuillermo Graaacias!! A Nuestros hermanos de Guamote toda nuestra admiración. Guillermo ES Libertad ,Verdad, Paz, Progreso. Con DIOS por delante!",347,5.5K,1.1K
Guillermo Lasso,@LassoGuillermo,"·El PLAN EQUIDAD RURAL es empleo, salud, educación, bienestar y oportunidades en el campo y la ruralidad. 

Necesitamos de ti para lograrlo. #EncontrémonosParaLograrlo",124,1.3K,474
Guillermo Lasso,@LassoGuillermo,·En 9 días comienza el cambio positivo que el Ecuador necesita. #EncontrémonosParaLograrlo ,517,5.1K,1.3K
Guillermo Lasso,@LassoGuillermo,"·En el Día Mundial de Concienciación sobre el Autismo reafirmamos nuestro compromiso con la lucha por igualdad de condiciones, políticas públicas inclusivas y acceso a tratamientos para todas las personas en el Trastorno del Espectro Autista.",91,1.7K,451
Guillermo Lasso,@LassoGuillermo,·Gracias Carlos por este gran detalle. ,333,5.6K,1.1K
Guillermo Lasso,@LassoGuillermo,"·Encontrémonos para hacer del Ecuador un destino verde impulsando el turismo 100% sostenible, la justicia ambiental y el respeto a los derechos de la naturaleza.

¡Juntos podemos lograrlo! #EncontrémonosParaLograrlo",92,1.3K,389
Guillermo Lasso,@LassoGuillermo,"·En el Chimborazo con mi esposa. Gracias por creer en nosotros, el cambio está cerca. ¡Lo estamos logrando! #EncontrémonosParaLograrlo",1K,9.8K,1.4K
Guillermo Lasso,@LassoGuillermo,"·Les comparto esta entrevista junto a @LoganMois. ¡Espero que la disfruten!#EncontrémonosParaLograrlo@Guillermo Lasso en El Carpool de Logan  Logan y LoganCantando JJ, aprendiendo de cultura geek y riendo con Guillermo Lasso, candidato a presidente de Ecuador.Suscríbete: https://goo.gl/7jfTlqFav, Comparte y Com...youtube.com",142,1.7K,500
Guillermo Lasso,@LassoGuillermo,"·El apoyo estatal a nuestros deportistas es indispensable para fortalecer el potencial del Ecuador. 

El deporte es salud, es cultura, es inclusión e igualdad. Estas son unas de nuestras propuestas para promover y reconocer el talento deportivo. #EncontrémonosPorElDeporte",159,2.2K,637
Guillermo Lasso,@LassoGuillermo,"·Quiero agradecerles por acompañarnos en este camino, por su constante apoyo y entusiasmo. El Ecuador del encuentro es una realidad porque trabajamos unidos, ¡sigamos encontrándonos! 

Continuamos luchando por un verdadero cambio. #EncontrémonosParaLograrlo",166,2.2K,481
Guillermo Lasso,@LassoGuillermo,"·Es hora de dejar las diferencias en el pasado. Es hora de juntos, sacar al país adelante. #EncontrémonosParaLograrlo ",408,4.7K,1.4K
Guillermo Lasso,@LassoGuillermo,"·Ahora llevamos nuestro mensaje a Imbabura. Artesanos, comerciantes, agricultores, ganaderos y familias enteras nos acompañaron en este gran encuentro por el desarrollo de su provincia. ¡Estamos con ustedes! Vamos por oportunidades para todos.#EncontrémonosParaLograrlo",94,1.8K,470
Guillermo Lasso,@LassoGuillermo,"·Encontrémonos para que los jóvenes accedan a una educación de calidad y tengan la libertad de estudiar la carrera que ellos quieran. 

Con tu apoyo, lo vamos a lograr.#EncontrémonosParaLograrlo",89,1.2K,353
Guillermo Lasso,@LassoGuillermo,"·¡GRACIAS CARCHI!

Qué maravilloso es poder encontrarme con ecuatorianos en todo el país. Mi agradecimiento a los sectores productivos de Tulcán por su apertura a conversar de propuestas que aumentarán su competitividad y reactivarán la economía. #EncontrémonosParaLograrlo",120,2K,465
Guillermo Enrique Lasso,@LassoGE,"·Lo de los cárteles en Quito no es de la campaña de @LassoGuillermo, su campaña se trata del Encuentro de todos los Ecuatorianos. Si es alguien que quiere ayudar, esa no es la manera, no está bien. Y si es campaña sucia, no lo sé, pero conociéndolos no se puede descartar.",429,3.1K,985
Alfredo Borrero,@ABorreroVega,·Estuvimos en Bolívar realizando brigadas médicas. #EncontrémonosPorLaSalud,57,1K,307
Guillermo Lasso,@LassoGuillermo,"·Tendremos escuelas rurales equipadas con nuevas tecnologías. Vamos a promover la innovación en la educación de los niños y jóvenes. 

¡Juntos lo haremos posible! Necesitamos de ti para lograrlo.#EncontrémonosParaLograrlo",216,1.7K,525
Guillermo Lasso,@LassoGuillermo,"·Con conectividad, podemos hablar de educación. 

Vamos a garantizar acceso a internet en zonas rurales y urbanas.: ⁦@aeiecuador⁩, ⁦@Hora25Ec⁩.#EncontrémonosParaLograrlo",55,714,217
Alfredo Borrero,@ABorreroVega,·Hoy tuvimos una brigada médica y encuentro con las comunidades en Columbes y Juan Benigno Vela. La salud de los ecuatorianos es nuestra prioridad. #EncontrémonosPorLaSalud,146,1.4K,420
Guillermo Lasso,@LassoGuillermo,"·Gracias a la @aeiecuador por impulsar este espacio para conversar sobre propuestas que promueven el emprendimiento y la innovación en Ecuador.

Los esperamos a las 22h30 en @Hora25Ec y desde mis redes sociales.

YT: FB: Quote TweetAEI@aeiecuadorMar 28¡Gracias @LassoGuillermo por aceptar nuestra invitación a dialogar por el emprendimiento y la innovación! 

Te esperamos en el primero de dos #encuentros con los candidatos presidenciales. Conéctate en vivo: https://bit.ly/3fglYx4 O sintoniza el canal @teleamazonasec",58,674,184
Guillermo Lasso,@LassoGuillermo,"·Siento mucha gratitud y felicidad de este recorrido de 5 provincias de la Amazonía. Nos despedimos en Morona Santiago con un encuentro junto a comunidades.

Juntos vamos a lograr una Amazonía protegida y con bienestar para sus habitantes.

¡GRACIAS! #EncontrémonosPorLaAmazonía",142,2.8K,652
Guillermo Lasso,@LassoGuillermo,"·Vamos a trabajar juntos por el bienestar de la Amazonía.

¡Seguimos recorriendo la región para encontrarnos por un mejor Ecuador!#EncontrémonosPorLaAmazonía0:2314.3K views",118,1.5K,449
Guillermo Lasso,@LassoGuillermo,"·Vamos a potenciar la investigación desde las universidades públicas: el Internet de las cosas, Big Data, Inteligencia Artificial, Blockchain y otros adelantos tecnológicos serán parte de nuestra política educativa pública. #EncontrémonosParaLograrlo",670,4.8K,1.2K
Guillermo Lasso,@LassoGuillermo,"·Llegamos a Puyo, capital de Pastaza. Tuvimos un gran recibimiento de las comunidades con música, bailes y conversación sobre la Amazonía. Es urgente apoyo integral en educación, salud, seguridad, empleo y oportunidades para los amazónicos. #EncontrémonosPorLaAmazonía",115,1.9K,452
Guillermo Lasso,@LassoGuillermo,"·Hoy a las 22h30 los invito a ver un especial en @Hora25Ec con emprendedores. Nos encontramos por el empleo, el emprendimiento y la innovación.

Los espero. FB: YT: #EncontrémonosParaLograrlo",115,1K,343
Guillermo Lasso,@LassoGuillermo,"·El camino hacia un Ecuador verde empieza por la protección de la Amazonía, las comunidades y la naturaleza. 

ENCONTRÉMONOS PARA LOGRARLO. #EncontrémonosPorLaAmazonía",100,1.7K,462
Guillermo Lasso,@LassoGuillermo,"·Miles de agricultores como Roberto viven una situación insostenible. Hay que trabajar por un sector agrícola FUERTE, con acceso a créditos baratos, capacitación y asistencia técnica. 

Lograremos que el agro aumente su productividad y competitividad. #EncontrémonosParaLograrlo",120,1.1K,345
Guillermo Lasso,@LassoGuillermo,"·Nuestro último encuentro del día fue junto al Asambleísta electo @MarceloHCabrera, con quien firmamos un compromiso por Azuay y el Ecuador. Trabajaremos en educación, salud, seguridad, agua potable y obras públicas para el bienestar de los azuayos. #EncontrémonosParaLograrlo",161,1.8K,403
Guillermo Lasso,@LassoGuillermo,"·¡Gran día en Azuay! Nos encontramos en un Michelasso con jóvenes de la provincia. Me acompañaron María de Lourdes y mis hijos. 

Junto a la juventud construimos un Ecuador emprendedor, con empleo, tecnología e innovación. 

¿Quién se apunta? #EncontrémonosParaLograrlo",150,1.6K,360
Guillermo Lasso,@LassoGuillermo,"·Es injusto que jóvenes como Edwin se queden sin oportunidades de estudio cada año por trabas e ineficiencia. 

Por eso es mi compromiso garantizarte libertad para estudiar la carrera que tú quieras. #EncontrémonosPorLaEducación",160,1K,345
Logan y Logan,@LoganMois,·Ya @LassoGuillermo di lo tuyo #ElCarpooldeLogan0:0561.8K views,142,2.9K,1.1K
Guillermo Lasso,@LassoGuillermo,·Logremos el sueño de un solo Ecuador trabajando por el bienestar del campo y las ciudades.  #EncontrémonosParaLograrlo,149,1.4K,433
Guillermo Lasso,@LassoGuillermo,·Nos encontramos por el PLAN EQUIDAD RURAL en todo el Ecuador. Con mujeres de El Valle conversamos de:  Apoyo integral para emprender Defensoría de los derechos de la mujer y lucha contra la violencia Talleres gratuitos de capacitación #EncontrémonosParaLograrlo,88,882,240
Guillermo Lasso,@LassoGuillermo,"·2 policías para 3 parroquias rurales es indignante. Miles de familias están desprotegidas ante un Estado ausente.

Apoyaremos a la ruralidad con unidades de policía. La seguridad de los ecuatorianos es nuestra prioridad. #EncontrémonosParaLograrlo",85,1K,363
Guillermo Lasso,@LassoGuillermo,"·Desde la noche del debate están subidos todos los documentos para que los leas Andrés, esperamos no los manipules, ni hagas montajes.#AndrésNoMientasOtraVezQuote TweetAndrés Arauz@ecuarauzMar 25A mí sí me gusta leer. Aquí esperando a que publique todo lo que prometió en el debate. Si es que publica, ojalá publique la voluminosa información completita y sin trampitas.",902,4.9K,1.7K
Guillermo Lasso,@LassoGuillermo,"·Sé que eres una persona trabajadora que lucha cada día por sus sueños. Por eso estoy aquí, para apoyarte y juntos salir adelante. 

SIN MIEDO A LOGRARLO. #Tandanakushun#EncontrémonosConPueblosYNacionalidades",192,2.4K,670
Guillermo Lasso,@LassoGuillermo,"·Es indignante escuchar esto. No es posible que el Gobierno juegue con la salud de los ecuatorianos y no cuente con un plan de vacunación serio. Esta es la consecuencia de habernos dejado a alguien que no está preparado para gobernar. No permitamos que se repita la historia.Quote TweetMónica Velásquez@MoniVelasquezVMar 23Lenín Moreno: ""Pensaba que sí había un plan de vacunación"", dice el presidente, luego de 60 días de iniciada la vacunación en Ecuador.",2K,4.2K,1.6K
Guillermo Lasso,@LassoGuillermo,"·Trabajo, justicia e igualdad para todos los pueblos y nacionalidades del Ecuador. #Tandanakushun#EncontrémonosConPueblosYNacionalidades",140,1.2K,389
Guillermo Lasso,@LassoGuillermo,"·Gracias Xavier. Estoy totalmente de acuerdo con las 5 propuestas que mencionas. Acepto tu invitación al diálogo. Encontrémonos para construir todos juntos un país mejor.Quote TweetXavier Hervas@xhervasMar 23Le hago un llamado al candidato @LassoGuillermo para conversar en un diálogo abierto y buscar integrar estas agendas por el bien del país.  Esta es una oportunidad para que los ciudadanos se convenzan que en Ecuador podemos todos sumar y aportar, sin necesidad de co-gobernar. 3/3Show this thread",856,9.6K,2.1K
Guillermo Lasso,@LassoGuillermo,"·Buenos días. Hoy en @teleamazonasec y en enlace radial con la Sierra, conversamos de las iniciativas:  Fondo Semilla: apoyo a emprendimientos Plan Equidad Rural: inversión en el campo Apertura al mundo: tratados de libre comercio#EncontrémonosPorLaEconomía",134,1.1K,265
Guillermo Lasso,@LassoGuillermo,·#AndrésNoMientasOtraVez 0:1570.2K views,611,6.3K,2K
Guillermo Lasso,@LassoGuillermo,·#AndrésNoMientasOtraVezGracias por el vaso @BakeNParty. ,669,6.8K,1.4K
Guillermo Lasso,@LassoGuillermo,"·#AndrésNoMientasOtraVezLos hospitales JAMÁS volverán a ser su botín político. 

No permitiremos que sigan poniendo en riesgo la salud de los ecuatorianos.",213,1.8K,515
Guillermo Lasso,@LassoGuillermo,·Muy agradecido por el apoyo de mis hijos en el debate. Acompañado siempre de mi familia. ,445,8K,1K
Guillermo Lasso,@LassoGuillermo,"·Mi compromiso es trabajar de la mano con todos los sectores ciudadanos, encontrarnos para mejorar la economía del país y defender los derechos de cada ecuatoriano.Quote Tweet#ResistenciaEC@ResistenciaEC1Mar 22Este 11 de abril, vamos a escribir un nuevo capítulo en la historia de nuestro país. (Video parte 2/2)#Elecciones2021Ec#ResistenciaEC #UnidosGanamosShow this thread",95,835,231
Guillermo Lasso,@LassoGuillermo,"·Apoyaremos el ingreso inmediato de Ecuador a la Alianza del Pacífico y la suscripción de acuerdos comerciales con Estados Unidos, Japón, Corea del Sur y más países del mundo. 

La apertura económica es inversión y miles de empleos. #EncontrémonosParaLograrlo",150,3.3K,855
Guillermo Lasso,@LassoGuillermo,·Ellos crearon impuestos especiales para las provincias afectadas por el terremoto de 2016. ¿Dónde está ese dinero? Robado por la corrupción. #AndrésNoMientasOtraVez,231,2.7K,1K
Guillermo Lasso,@LassoGuillermo,"·Encontrémonos para que los jóvenes estudien la carrera de su elección. 

¡LIBERTAD PARA ESTUDIAR! #EncontrémonosParaLograrlo",68,1.2K,364
Guillermo Lasso,@LassoGuillermo,"·En educación superior priorizamos la libertad de estudiar, incrementar el presupuesto de las universidades en investigación y desarrollo, además de crear más cupos presenciales y el desarrollo de nuevas carreras EN LÍNEA.#EncontrémonosParaLograrlo",87,2.4K,601
Guillermo Lasso,@LassoGuillermo,"·¿Está claro quién quiere desdolarizar? Es Arauz.

Para recordar, su artículo.  ",112,1.7K,591
Guillermo Lasso,@LassoGuillermo,"·Como demócratas respetamos el Estado de derecho, las instituciones y la independencia de poderes. Promovemos la participación de todos y no de unos pocos. Junto a nosotros, habrá un gobierno con espacios para el encuentro entre ecuatorianos. #EncontrémonosParaLograrlo",81,2.1K,571
Guillermo Lasso,@LassoGuillermo,"·#AndrésNoMientasOtraVez. Al igual que Moreno, TÚ eres el ahijado político de Correa.0:2970K views",425,5.3K,2.1K
Guillermo Lasso,@LassoGuillermo,"·Junto a @SalvarVidasEc llevamos insumos médicos a 221 cantones del Ecuador.

Lo mismo haremos con la vacunación. Cumpliremos nuestra meta con una administración HONESTA y vacunas REALES. #EncontrémonosParaLograrlo",47,803,281
Guillermo Lasso,@LassoGuillermo,"·El Agro sostiene la economía rural. El sector tiene todo nuestro apoyo para aumentar su productividad y competitividad. 

Estas son nuestras propuestas para lograr el bienestar de los agricultores ecuatorianos.  #EncontrémonosParaLograrlo",50,750,249
Guillermo Lasso,@LassoGuillermo,·A mí me preocupa la economía de la familia ecuatoriana. Por eso impulsaremos:  El emprendimiento La dolarización La creación de empleos bien pagados La inversión local e internacional. #EncontrémonosParaLograrlo,129,2.6K,759
Guillermo Lasso,@LassoGuillermo,"·Me motiva un Ecuador próspero, que respete la diversidad y promueva la igualdad. En este debate los invito a conocer mis ideas y propuestas, y a votar con responsabilidad el 11 de abril. 

Encontrándonos lograremos un cambio verdadero. #EncontrémonosParaLograrlo",116,2.4K,603
Guillermo Lasso,@LassoGuillermo,·#ConLASSOGanamosTodos,878,14.1K,3.1K
Guillermo Lasso,@LassoGuillermo,"·Encontrémonos por ti, tu familia y el sueño de un Ecuador con bienestar, oportunidades y felicidad para todos. #EncontrémonosParaLograrlo",87,854,273
Guillermo Lasso,@LassoGuillermo,"·Esta semana nos encontramos con jóvenes y comunidades que buscan un Ecuador diferente, un país que promueva el respeto y la unión. 

Muchas gracias por estos maravillosos encuentros en Pichincha, Cotopaxi, Tungurahua y Guayas. ¡Sigamos sumando! #EncontrémonosParaLograrlo",104,920,220
Guillermo Lasso,@LassoGuillermo,"·La vacuna debe ser para los más vulnerables, en especial el personal en primera línea y los ecuatorianos con escasos recursos. La noticia de hoy es un golpe al país, condenamos toda forma de privilegio. Exigimos transparencia y solidaridad en la vacunación.",1.1K,4.2K,1.2K
La Posta Ec,@LaPosta_Ecu,·¡Vuelan las #fakenews! 2 publicaciones más a la lista de #VacunadosGold que no pertenecen a la Posta.View,92,479,312
Guillermo Lasso,@LassoGuillermo,"·Ninguna mujer debe ser sujeto de insultos y agresiones. Rechazo la violencia hacia la mujer en cualquier forma. Mi solidaridad con todas las mujeres que han sufrido violencia en la política y en todos los espacios.Quote TweetMarcela Aguiñaga@marcelaguinagaMar 18De infamias, machismo y misoginia nosotras ya hemos tenido bastante, ya es tiempo que se incomoden ellos.
No voy a bajar la voz, ni abandonar mis luchas porque a dos cobardes les molesta la convicción de mis ideas.
¡Mujeres, a esto nos enfrentamos y hay que rechazarlo por todas!",526,1.9K,449
Guillermo Lasso,@LassoGuillermo,"·Todos queremos construir ese camino hacia un Ecuador más unido y fuerte, donde todos nuestros sueños se hagan realidad.#EncontrémonosParaLograrlo : ""Encontrarnos en la vida"" de @luzpinosmusic, talento ecuatoriano.2:42163.1K views",382,4K,1.9K
Guillermo Lasso,@LassoGuillermo,·Dejemos en el pasado esa cultura de división y caminemos juntos hacia el encuentro entre ecuatorianos. #EncontrémonosParaLograrlo,159,1.4K,426
Guillermo Lasso,@LassoGuillermo,·Un momento muy ameno en el primer #Michelasso en #Ambato con jóvenes que no votaron por mí y que ahora están seguros de cuál es #Lassolución para el . ,212,2K,633
Guillermo Lasso,@LassoGuillermo,"·Fondo Semilla es una iniciativa para impulsar el espíritu emprendedor de los ecuatorianos y apoyarlos a que inicien sus negocios. 

Crearemos empleos encontrándonos y ayudando a los emprendedores a lograr sus sueños. #EncontrémonosPorElEmprendimiento",145,966,299
Guillermo Lasso,@LassoGuillermo,"·GRACIAS CUTUGLAGUA. Comunidades indígenas, mestizas, montubias y afrodescendientes, todas unidas por el ENCUENTRO ENTRE ECUATORIANOS, apoyan la propuesta de desarrollo local, bienestar y reactivación económica para la Sierra. #EncontrémonosParaLograrlo",125,1.1K,330
Santi Lasso - Saxalo,@LassoSX,·Con @LassoGuillermo y @MLAlcivar ya vivimos el ataque de un candidato que se presentaba “paz y amor” hablando de que un debate era “muy violento” como para asistir... mientras tanto compraban a turbas para agredir en el Atahualpa.#CuandoElOdioEstabaDeModa,127,1.2K,709
Guillermo Lasso,@LassoGuillermo,"·Hoy empezamos con una cadena nacional junto a radios de la Sierra, donde tocamos temas importantes para el campo y sus habitantes. Coincidimos en que es urgente: 

1.- Rehabilitar y construir al menos 70 mil kilómetros de caminos vecinales
2.- La Unidad de Policía Rural",143,1.5K,417
Guillermo Lasso,@LassoGuillermo,"·3.- Precios justos para el sector agropecuario
4.- Firmar acuerdos y tratados de libre comercio
5.- Combatir la desnutrición infantil en la ruralidad 

Gracias a @Cresatelitalecu y a todas las emisoras que se unieron en este encuentro por la Sierra. ",61,863,230
Guillermo Lasso,@LassoGuillermo,·#EncontrémonosParaLograrlo ,53,1.1K,228
Guillermo Lasso,@LassoGuillermo,"·Crearemos el programa Fondo Semilla, una iniciativa para financiar emprendimientos. Apoyaremos a más de 200 mil emprendedores ecuatorianos para hacer sus sueños realidad. 

 #EncontrémonosParaLograrlo 0:206.9K views",68,563,221
Guillermo Lasso,@LassoGuillermo,"·Los jóvenes tendrán la libertad de estudiar la carrera de su elección. Ampliaremos la oferta universitaria, con nuevos y mejores programas de grado y posgrado. 

Por una educación superior de calidad, #EncontrémonosParaLograrlo. ",85,956,349
Guillermo Lasso,@LassoGuillermo,"·Nos encontramos por el empleo, para que las familias tengan su propio sustento, los jóvenes desarrollen su vida profesional, las mujeres puedan iniciar emprendimientos y cada ecuatoriano haga sus sueños realidad. #EncontrémonosParaLograrlo ",39,486,167
Guillermo Lasso,@LassoGuillermo,"·7 de cada 10 personas en las zonas rurales viven en pobreza. En nuestro gobierno, las comunidades tendrán sus propias escuelas, hospitales, pavimentación y agua potable. 

Que el campo sepa que a su lado tiene un Estado que lo acompaña.#EncontrémonosParaLograrlo ",61,551,171
Guillermo Lasso,@LassoGuillermo,"·Nos encontramos para lograr un Ecuador con una economía verde en los próximos años. Cada ecuatoriano debe ser amigo de la naturaleza e involucrarse activamente en su cuidado, defensa y respeto.

Vamos a sentar las bases de un país ecoamigable.#EncontrémonosParaLograrlo ",31,500,157
Guillermo Lasso,@LassoGuillermo,"·Es una buena noticia contarles que ayer firmamos un compromiso con  “Todos Por Los Animales EC”, iniciativa que lucha por el bienestar animal. 

Trabajaremos para impulsar proyectos en beneficio de los animales domésticos y de compañía. Gracias por este encuentro en Azuay. ",244,2.3K,605
Guillermo Lasso,@LassoGuillermo,"·En Azuay conversamos con grandes agricultoras, a quienes admiro mucho por su trabajo. Nos encontramos para promover los productos hechos por mujeres en el campo. 

Con más asociatividad y mejores precios, impulsaremos la competitividad de la mujer en el sector agrícola. ",128,1.4K,336
Guillermo Lasso,@LassoGuillermo,"·Nuestra primera parada en Cuenca fue un encuentro con pequeños ganaderos. Conversamos de precios justos, asistencia técnica y de cómo aumentar su competitividad. 

Hay que trabajar unidos para lograr el progreso del campo y sus habitantes. #EncontrémonosPorElCampo",105,1.1K,274
Guillermo Lasso,@LassoGuillermo,"·Hoy conmemoramos 486 años de la fundación de Portoviejo y a su linda gente, que admiro mucho por su resiliencia. Mi mamá Nora era portovejense, una luchadora. En este día especial les mando un fuerte abrazo y reitero mi compromiso de lograr su bienestar.

¡QUE VIVA PORTOVIEJO!",161,2K,375
Guillermo Lasso,@LassoGuillermo,"·El agro es un pilar de la economía rural. Por eso nos encontramos con Roberto, para escuchar sus problemas y lograr soluciones. 

Con apoyo integral lograremos el bienestar de los pequeños agricultores, aumentando su competitividad y productividad .0:167K views",73,681,210
Guillermo Lasso,@LassoGuillermo,"·¡Hoy nos vemos Cuenca!

Nos encontraremos por la ruralidad, el ambiente, el cuidado del agua, el empleo y el emprendimiento, y la defensa de los derechos de los animales. 

Nos espera un gran día junto a los cuencanos. ",110,1.3K,287
Guillermo Lasso,@LassoGuillermo,"·Gracias a @Industriasgye por organizar este encuentro que nos permitió dialogar sobre las propuestas para reactivar la economía, impulsar el comercio, atraer inversión y generar empleo. 

Nuestra meta: un país de ciudadanos seguros, con trabajos bien pagados y bienestar. ",103,1.1K,266
Cámara de Industrias,@Industriasgye,"·Hoy nos acompaña el candidato a la presidencia @LassoGuillermo, quien dialoga con representantes del sector privado sobre sus propuestas de campaña.",26,409,106
Guillermo Lasso,@LassoGuillermo,"·Hoy a las 17h00, #EncontrémonosPorLaRuralidad. FB: ",47,376,108
Guillermo Lasso,@LassoGuillermo,"·Miles de familias han sido afectadas por las cenizas del Volcán Sangay. Mi solidaridad con ustedes, es imprescindible que nuestro país tenga un plan de riesgos sólido. En mi gobierno enfrentaremos con eficiencia las emergencias naturales y brindaremos apoyo integral.",132,1.3K,295
Guillermo Lasso,@LassoGuillermo,"·Cada día que pasa es más vergonzoso la forma cómo se ha manejado el plan de vacunación del gobierno.

Exigimos publicar la lista de vacunados para darle transparencia a este proceso.",1.3K,6.2K,1.6K
Guillermo Lasso,@LassoGuillermo,"·Nos encontramos en Salitre con un pequeño grupo de campesinos, agricultores y ganaderos, para escucharnos y trabajar en educación, la productividad del sector agropecuario, acceso a créditos baratos y rehabilitación de carreteras y caminos vecinales. #EncontrémonosParaLograrlo",59,701,196
Guillermo Lasso,@LassoGuillermo,·No te dejes engañar con la campaña sucia de aquellos que se sienten perdidos. Nosotros SUBIREMOS el salario básico. #GuillermoLassoPresidente2021,444,2.7K,1K
Guillermo Lasso,@LassoGuillermo,"·En Ecuador las mujeres ganan un 15% menos que los hombres por el mismo trabajo realizado.

Debemos crear empleo y también luchar por la igualdad salarial. Encontrémonos para lograr trabajos dignos y bien pagados. #EncontrémonosParaLograrlo",47,461,158
Guillermo Lasso,@LassoGuillermo,"·Muchas gracias a @AMEcuador por facilitar este espacio para escuchar las necesidades principales de los 221 municipios: las deudas del Gobierno Nacional, los recortes presupuestarios, salud, seguridad, servicios básicos, entre otras.",51,803,173
Guillermo Lasso,@LassoGuillermo,"·Entre otras propuestas:
- Incluir a los municipios en la compra de las vacunas y garantizar acceso gratuito a la ciudadanía 
- Trabajo coordinado con la Policía y ampliar la cobertura del sistema Ojos de Águila
- Inversión pública en agua potable y alcantarillado",40,380,95
Guillermo Lasso,@LassoGuillermo,"·Asimismo, otorgaremos mecanismos para la renegociación de la deuda que mantengan los GADs municipales. El BDE dará novaciones, refinanciamientos y reestructuraciones crediticias. Hay que trabajar de manera transparente con los municipios en beneficio de las familias.",30,333,82
Guillermo Lasso,@LassoGuillermo,"·Es necesario escucharnos y encontrarnos para que cada ecuatoriano tenga un trabajo, genere sus propios ingresos y pueda vivir feliz. 

Construiremos un Ecuador que brinde empleo a todos sin excepción. #EncontrémonosParaEscucharnos0:306.3K views",81,570,147
Red de Periodistas Libres #RPL,@RPLEC,"·#BuenasNoches  A las 20:00, miembros de la @RPLEC realizarán preguntas al candidato @LassoGuillermo de @CREOEcuador. 

Mira esta #RuedaDePrensa por: #Twitter #FacebookLive y #YouTube de la #RPLQuote TweetRed de Periodistas Libres #RPL@RPLECMar 8#RuedaDePrensa La @RPLEC continúa con sus encuentros con los candidatos a la presidencia de #Ecuador. Tendremos como invitado a @LassoGuillermo de @CREOEcuador  #Elecciones2021Ec. Martes, 09 de marzo 2021 20:00#FacebookLive #Twitter y #YouTube de la #RPL.",14,178,42
Guillermo Lasso,@LassoGuillermo,"·Los agricultores y ganaderos crean oportunidades en el campo, ellos son los principales generadores de empleo. Encontrémonos por un Ecuador que impulse al sector agropecuario con propuestas de apoyo económico, seguridad social y asistencia. #EncontrémonosParaLograrlo",102,801,268
Guillermo Lasso,@LassoGuillermo,"·Los ganaderos requieren atención y apoyo. Por eso hoy nos encontramos con la Asociación de Ganaderos de la Sierra y del Oriente, para escuchar sus necesidades en torno a la producción, el comercio y cómo aumentar su competitividad.#EncontrémonosParaLograrlo",83,888,236
MaLourdes de Lasso,@MLAlcivar,·Mi saludo y admiración a todas las mujeres ecuatorianas. #DiaInternacionalDeLaMujer,31,658,152
Guillermo Lasso,@LassoGuillermo,"·Las mujeres ecuatorianas requieren soluciones urgentes. Hoy a las 20h00 los espero en el lanzamiento de propuestas para mujeres. 

FB: #EncontrémonosConLasMujeres",56,539,136
Guillermo Lasso,@LassoGuillermo,"·Aplicaremos con rigor la Ley para Erradicar la Violencia contra la Mujer. Daremos el apoyo presupuestario para su efectividad. El Estado tiene gran responsabilidad, es imperdonable que las niñas y mujeres aún sigan expuestas a violencia y abusos. #EncontrémonosParaLograrlo",44,563,144
Guillermo Lasso,@LassoGuillermo,"·Tendremos Centros de Reparación Integral para las víctimas de violencia, donde aseguraremos el acompañamiento psicológico inmediato de las mujeres. Asimismo, trabajaremos con la sociedad civil y ONG’s en planes de prevención. #EncontrémonosParaLograrlo",13,283,68
Guillermo Lasso,@LassoGuillermo,"·Fortaleceremos los espacios para las mujeres en lo económico, político y social. Nuestra meta: un Ecuador seguro, justo e igualitario para todas.#EncontrémonosParaLograrlo",10,276,61
Guillermo Lasso,@LassoGuillermo,"·Promoveremos la conciliación de la vida familiar con el trabajo de las madres, creando guarderías con salas de lactancia para que continúen con su profesión. 

Escuchemos, encontrémonos y acompañemos a las mujeres en la lucha por sus derechos.#EncontrémonosParaLograrlo",41,438,124
Guillermo Lasso,@LassoGuillermo,"·Implementaremos mecanismos de protección, denuncia y socorro inmediato para las mujeres víctimas de violencia.

Vamos a crear una línea exclusiva para denunciar todo tipo de violencia contra las mujeres. Es hora de pasar de la indignación a la acción.#EncontrémonosParaLograrlo",38,441,127
Guillermo Lasso,@LassoGuillermo,"·Encontrémonos para luchar contra la violencia a las mujeres en cada espacio, desde sus casas hasta en la calle.
 
Restableceremos los Centros de Reparación Integral para víctimas de violencia, brindaremos ayuda psicológica y programas de reparación. #EncontrémonosParaLograrlo",48,515,161
